PACKAGE,ID,NAME,SERVICE,CHECKID,TEST_PASSED,"VALUE",IGNORE_FAILURE,RAGSTATUS
DemoProjectSecurityHelper,SP1,Stateless,DemoProjectSecurityHelper.Pub:decryptMessage,SP1.1,true,"true",false,1
DemoProjectSecurityHelper,SP1,Stateless,DemoProjectSecurityHelper.Pub:encryptMessage,SP1.2,true,"true",false,1
DemoProjectSecurityHelper,SP1,Stateless,DemoProjectSecurityHelper.SecurityProvider:base64Decode,SP1.3,true,"true",false,1
DemoProjectSecurityHelper,SP1,Stateless,DemoProjectSecurityHelper.SecurityProvider:base64Encode,SP1.4,true,"true",false,1
DemoProjectSecurityHelper,SP1,Stateless,DemoProjectSecurityHelper.SecurityProvider:decryptMessage,SP1.5,true,"true",false,1
DemoProjectSecurityHelper,SP1,Stateless,DemoProjectSecurityHelper.SecurityProvider:encryptMessage,SP1.6,true,"true",false,1
DemoProjectSecurityHelper,SP1,Stateless,DemoProjectSecurityHelper.SecurityProvider:loadKey,SP1.7,true,"true",false,1
DemoProjectSecurityHelper,SP1,Stateless,DemoProjectSecurityHelper.Service:decryptMessageCached,SP1.8,true,"true",false,1
DemoProjectSecurityHelper,SP1,Stateless,DemoProjectSecurityHelper.Service:encryptMessageCached,SP1.9,true,"true",false,1
DemoProjectSecurityHelper,SP1,Stateless,DemoProjectSecurityHelper.Test:testEncryption,SP1.10,true,"true",false,1
DemoProjectSecurityHelper,SP2,Pipeline Save Restore,DemoProjectSecurityHelper.Pub:decryptMessage,SP2.1,true,"true",false,1
DemoProjectSecurityHelper,SP2,Pipeline Save Restore,DemoProjectSecurityHelper.Pub:encryptMessage,SP2.2,true,"true",false,1
DemoProjectSecurityHelper,SP2,Pipeline Save Restore,DemoProjectSecurityHelper.SecurityProvider:base64Decode,SP2.3,true,"true",false,1
DemoProjectSecurityHelper,SP2,Pipeline Save Restore,DemoProjectSecurityHelper.SecurityProvider:base64Encode,SP2.4,true,"true",false,1
DemoProjectSecurityHelper,SP2,Pipeline Save Restore,DemoProjectSecurityHelper.SecurityProvider:decryptMessage,SP2.5,true,"true",false,1
DemoProjectSecurityHelper,SP2,Pipeline Save Restore,DemoProjectSecurityHelper.SecurityProvider:encryptMessage,SP2.6,true,"true",false,1
DemoProjectSecurityHelper,SP2,Pipeline Save Restore,DemoProjectSecurityHelper.SecurityProvider:loadKey,SP2.7,true,"true",false,1
DemoProjectSecurityHelper,SP2,Pipeline Save Restore,DemoProjectSecurityHelper.Service:decryptMessageCached,SP2.8,true,"true",false,1
DemoProjectSecurityHelper,SP2,Pipeline Save Restore,DemoProjectSecurityHelper.Service:encryptMessageCached,SP2.9,true,"true",false,1
DemoProjectSecurityHelper,SP2,Pipeline Save Restore,DemoProjectSecurityHelper.Test:testEncryption,SP2.10,true,"true",false,1
DemoProjectSecurityHelper,FQ1,Pipeline Services,DemoProjectSecurityHelper.Pub:decryptMessage,FQ1.1,true,"No matching services",false,1
DemoProjectSecurityHelper,FQ1,Pipeline Services,DemoProjectSecurityHelper.Pub:encryptMessage,FQ1.2,true,"No matching services",false,1
DemoProjectSecurityHelper,FQ1,Pipeline Services,DemoProjectSecurityHelper.Service:decryptMessageCached,FQ1.3,true,"No matching services",false,1
DemoProjectSecurityHelper,FQ1,Pipeline Services,DemoProjectSecurityHelper.Service:encryptMessageCached,FQ1.4,true,"No matching services",false,1
DemoProjectSecurityHelper,FQ1,Pipeline Services,DemoProjectSecurityHelper.Test:testEncryption,FQ1.5,true,"No matching services",false,1
DemoProjectSecurityHelper,FQ3_v9,Deprecated Services (v9),DemoProjectSecurityHelper.Pub:decryptMessage,FQ3_v9.1,true,"No matching services",false,1
DemoProjectSecurityHelper,FQ3_v9,Deprecated Services (v9),DemoProjectSecurityHelper.Pub:encryptMessage,FQ3_v9.2,true,"No matching services",false,1
DemoProjectSecurityHelper,FQ3_v9,Deprecated Services (v9),DemoProjectSecurityHelper.Service:decryptMessageCached,FQ3_v9.3,true,"No matching services",false,1
DemoProjectSecurityHelper,FQ3_v9,Deprecated Services (v9),DemoProjectSecurityHelper.Service:encryptMessageCached,FQ3_v9.4,true,"No matching services",false,1
DemoProjectSecurityHelper,FQ3_v9,Deprecated Services (v9),DemoProjectSecurityHelper.Test:testEncryption,FQ3_v9.5,true,"No matching services",false,1
DemoProjectSecurityHelper,FQ4,Disabled Services,DemoProjectSecurityHelper.Pub:decryptMessage,FQ4.1,true,"count(//*[@DISABLED='true'])=0",false,1
DemoProjectSecurityHelper,FQ4,Disabled Services,DemoProjectSecurityHelper.Pub:encryptMessage,FQ4.2,true,"count(//*[@DISABLED='true'])=0",false,1
DemoProjectSecurityHelper,FQ4,Disabled Services,DemoProjectSecurityHelper.Service:decryptMessageCached,FQ4.3,true,"count(//*[@DISABLED='true'])=0",false,1
DemoProjectSecurityHelper,FQ4,Disabled Services,DemoProjectSecurityHelper.Service:encryptMessageCached,FQ4.4,true,"count(//*[@DISABLED='true'])=0",false,1
DemoProjectSecurityHelper,FQ4,Disabled Services,DemoProjectSecurityHelper.Test:testEncryption,FQ4.5,true,"count(//*[@DISABLED='true'])=0",false,1
DemoProjectSecurityHelper,FQ5,Use of Pub.Storage,DemoProjectSecurityHelper.Pub:decryptMessage,FQ5.1,true,"pub.storage.*",false,1
DemoProjectSecurityHelper,FQ5,Use of Pub.Storage,DemoProjectSecurityHelper.Pub:encryptMessage,FQ5.2,true,"pub.storage.*",false,1
DemoProjectSecurityHelper,FQ5,Use of Pub.Storage,DemoProjectSecurityHelper.Service:decryptMessageCached,FQ5.3,true,"pub.storage.*",false,1
DemoProjectSecurityHelper,FQ5,Use of Pub.Storage,DemoProjectSecurityHelper.Service:encryptMessageCached,FQ5.4,true,"pub.storage.*",false,1
DemoProjectSecurityHelper,FQ5,Use of Pub.Storage,DemoProjectSecurityHelper.Test:testEncryption,FQ5.5,true,"pub.storage.*",false,1
DemoProjectSecurityHelper,FQ6,Debug Log,DemoProjectSecurityHelper.Pub:decryptMessage,FQ6.1,true,"pub.flow:debugLog",false,1
DemoProjectSecurityHelper,FQ6,Debug Log,DemoProjectSecurityHelper.Pub:encryptMessage,FQ6.2,true,"pub.flow:debugLog",false,1
DemoProjectSecurityHelper,FQ6,Debug Log,DemoProjectSecurityHelper.Service:decryptMessageCached,FQ6.3,true,"pub.flow:debugLog",false,1
DemoProjectSecurityHelper,FQ6,Debug Log,DemoProjectSecurityHelper.Service:encryptMessageCached,FQ6.4,true,"pub.flow:debugLog",false,1
DemoProjectSecurityHelper,FQ6,Debug Log,DemoProjectSecurityHelper.Test:testEncryption,FQ6.5,true,"pub.flow:debugLog",false,1
DemoProjectSecurityHelper,FQ8,Connections Package,Connections,FQ8.1,true,"No connections exist in package",false,1
DemoProjectSecurityHelper,FQ9,FTP Timeout,DemoProjectSecurityHelper.Pub:decryptMessage,FQ9.1,true,"count(//MAPINVOKE[@SERVICE='pub.client.ftp:login' and not(//@FIELD='/timeout;1;0')])=0",false,1
DemoProjectSecurityHelper,FQ9,FTP Timeout,DemoProjectSecurityHelper.Pub:encryptMessage,FQ9.2,true,"count(//MAPINVOKE[@SERVICE='pub.client.ftp:login' and not(//@FIELD='/timeout;1;0')])=0",false,1
DemoProjectSecurityHelper,FQ9,FTP Timeout,DemoProjectSecurityHelper.Service:decryptMessageCached,FQ9.3,true,"count(//MAPINVOKE[@SERVICE='pub.client.ftp:login' and not(//@FIELD='/timeout;1;0')])=0",false,1
DemoProjectSecurityHelper,FQ9,FTP Timeout,DemoProjectSecurityHelper.Service:encryptMessageCached,FQ9.4,true,"count(//MAPINVOKE[@SERVICE='pub.client.ftp:login' and not(//@FIELD='/timeout;1;0')])=0",false,1
DemoProjectSecurityHelper,FQ9,FTP Timeout,DemoProjectSecurityHelper.Test:testEncryption,FQ9.5,true,"count(//MAPINVOKE[@SERVICE='pub.client.ftp:login' and not(//@FIELD='/timeout;1;0')])=0",false,1
DemoProjectSecurityHelper,FQ12,Unauthorised Access/Orphaned,DemoProjectSecurityHelper.Pub:decryptMessage,FQ12.1,false,"No invocations Found",true,0
DemoProjectSecurityHelper,FQ12,Unauthorised Access/Orphaned,DemoProjectSecurityHelper.Pub:encryptMessage,FQ12.2,false,"No invocations Found",true,0
DemoProjectSecurityHelper,FQ12,Unauthorised Access/Orphaned,DemoProjectSecurityHelper.SecurityProvider:base64Decode,FQ12.3,false,"No invocations Found",true,0
DemoProjectSecurityHelper,FQ12,Unauthorised Access/Orphaned,DemoProjectSecurityHelper.SecurityProvider:base64Encode,FQ12.4,false,"No invocations Found",true,0
DemoProjectSecurityHelper,FQ12,Unauthorised Access/Orphaned,DemoProjectSecurityHelper.SecurityProvider:decryptMessage,FQ12.5,false,"No invocations Found",true,0
DemoProjectSecurityHelper,FQ12,Unauthorised Access/Orphaned,DemoProjectSecurityHelper.SecurityProvider:encryptMessage,FQ12.6,false,"No invocations Found",true,0
DemoProjectSecurityHelper,FQ12,Unauthorised Access/Orphaned,DemoProjectSecurityHelper.SecurityProvider:loadKey,FQ12.7,false,"No invocations Found",true,0
DemoProjectSecurityHelper,FQ12,Unauthorised Access/Orphaned,DemoProjectSecurityHelper.Service:decryptMessageCached,FQ12.8,false,"No invocations Found",true,0
DemoProjectSecurityHelper,FQ12,Unauthorised Access/Orphaned,DemoProjectSecurityHelper.Service:encryptMessageCached,FQ12.9,false,"No invocations Found",true,0
DemoProjectSecurityHelper,FQ12,Unauthorised Access/Orphaned,DemoProjectSecurityHelper.Test:testEncryption,FQ12.10,false,"No invocations Found",true,0
DemoProjectSecurityHelper,FQ13,Branch without switch or evaluate labels,DemoProjectSecurityHelper.Pub:decryptMessage,FQ13.1,true,"count(//BRANCH[not(@DISABLED)][not(@LABELEXPRESSIONS)][not(@SWITCH)])=0",false,1
DemoProjectSecurityHelper,FQ13,Branch without switch or evaluate labels,DemoProjectSecurityHelper.Pub:encryptMessage,FQ13.2,true,"count(//BRANCH[not(@DISABLED)][not(@LABELEXPRESSIONS)][not(@SWITCH)])=0",false,1
DemoProjectSecurityHelper,FQ13,Branch without switch or evaluate labels,DemoProjectSecurityHelper.Service:decryptMessageCached,FQ13.3,true,"count(//BRANCH[not(@DISABLED)][not(@LABELEXPRESSIONS)][not(@SWITCH)])=0",false,1
DemoProjectSecurityHelper,FQ13,Branch without switch or evaluate labels,DemoProjectSecurityHelper.Service:encryptMessageCached,FQ13.4,true,"count(//BRANCH[not(@DISABLED)][not(@LABELEXPRESSIONS)][not(@SWITCH)])=0",false,1
DemoProjectSecurityHelper,FQ13,Branch without switch or evaluate labels,DemoProjectSecurityHelper.Test:testEncryption,FQ13.5,true,"count(//BRANCH[not(@DISABLED)][not(@LABELEXPRESSIONS)][not(@SWITCH)])=0",false,1
DemoProjectSecurityHelper,FQ14,Branch on expression when child step is without specified label or $null,DemoProjectSecurityHelper.Pub:decryptMessage,FQ14.1,true,"count(//BRANCH[not(@DISABLED) and @LABELEXPRESSIONS="true"]/*[not(@DISABLED) and ((not(@NAME) or @NAME='$null') and (not(local-name()='COMMENT')))])=0",false,1
DemoProjectSecurityHelper,FQ14,Branch on expression when child step is without specified label or $null,DemoProjectSecurityHelper.Pub:encryptMessage,FQ14.2,true,"count(//BRANCH[not(@DISABLED) and @LABELEXPRESSIONS="true"]/*[not(@DISABLED) and ((not(@NAME) or @NAME='$null') and (not(local-name()='COMMENT')))])=0",false,1
DemoProjectSecurityHelper,FQ14,Branch on expression when child step is without specified label or $null,DemoProjectSecurityHelper.Service:decryptMessageCached,FQ14.3,true,"count(//BRANCH[not(@DISABLED) and @LABELEXPRESSIONS="true"]/*[not(@DISABLED) and ((not(@NAME) or @NAME='$null') and (not(local-name()='COMMENT')))])=0",false,1
DemoProjectSecurityHelper,FQ14,Branch on expression when child step is without specified label or $null,DemoProjectSecurityHelper.Service:encryptMessageCached,FQ14.4,true,"count(//BRANCH[not(@DISABLED) and @LABELEXPRESSIONS="true"]/*[not(@DISABLED) and ((not(@NAME) or @NAME='$null') and (not(local-name()='COMMENT')))])=0",false,1
DemoProjectSecurityHelper,FQ14,Branch on expression when child step is without specified label or $null,DemoProjectSecurityHelper.Test:testEncryption,FQ14.5,true,"count(//BRANCH[not(@DISABLED) and @LABELEXPRESSIONS="true"]/*[not(@DISABLED) and ((not(@NAME) or @NAME='$null') and (not(local-name()='COMMENT')))])=0",false,1
DemoProjectSecurityHelper,FQ15,Exit Node From Specification,DemoProjectSecurityHelper.Pub:decryptMessage,FQ15.1,true,"count( //EXIT[not(@FROM) or (FROM and @FROM!='')][not(@DISABLED)] )=0",false,1
DemoProjectSecurityHelper,FQ15,Exit Node From Specification,DemoProjectSecurityHelper.Pub:encryptMessage,FQ15.2,true,"count( //EXIT[not(@FROM) or (FROM and @FROM!='')][not(@DISABLED)] )=0",false,1
DemoProjectSecurityHelper,FQ15,Exit Node From Specification,DemoProjectSecurityHelper.Service:decryptMessageCached,FQ15.3,true,"count( //EXIT[not(@FROM) or (FROM and @FROM!='')][not(@DISABLED)] )=0",false,1
DemoProjectSecurityHelper,FQ15,Exit Node From Specification,DemoProjectSecurityHelper.Service:encryptMessageCached,FQ15.4,true,"count( //EXIT[not(@FROM) or (FROM and @FROM!='')][not(@DISABLED)] )=0",false,1
DemoProjectSecurityHelper,FQ15,Exit Node From Specification,DemoProjectSecurityHelper.Test:testEncryption,FQ15.5,true,"count( //EXIT[not(@FROM) or (FROM and @FROM!='')][not(@DISABLED)] )=0",false,1
DemoProjectSecurityHelper,FQ16,Branch step must have child nodes,DemoProjectSecurityHelper.Pub:decryptMessage,FQ16.1,true,"count(//BRANCH[count(./*[local-name()!='COMMENT'])=0])=0",false,1
DemoProjectSecurityHelper,FQ16,Branch step must have child nodes,DemoProjectSecurityHelper.Pub:encryptMessage,FQ16.2,true,"count(//BRANCH[count(./*[local-name()!='COMMENT'])=0])=0",false,1
DemoProjectSecurityHelper,FQ16,Branch step must have child nodes,DemoProjectSecurityHelper.Service:decryptMessageCached,FQ16.3,true,"count(//BRANCH[count(./*[local-name()!='COMMENT'])=0])=0",false,1
DemoProjectSecurityHelper,FQ16,Branch step must have child nodes,DemoProjectSecurityHelper.Service:encryptMessageCached,FQ16.4,true,"count(//BRANCH[count(./*[local-name()!='COMMENT'])=0])=0",false,1
DemoProjectSecurityHelper,FQ16,Branch step must have child nodes,DemoProjectSecurityHelper.Test:testEncryption,FQ16.5,true,"count(//BRANCH[count(./*[local-name()!='COMMENT'])=0])=0",false,1
DemoProjectSecurityHelper,FQ17,Loop step must have child nodes,DemoProjectSecurityHelper.Pub:decryptMessage,FQ17.1,true,"count(//LOOP[count(./*[local-name()!='COMMENT'])=0])=0",false,1
DemoProjectSecurityHelper,FQ17,Loop step must have child nodes,DemoProjectSecurityHelper.Pub:encryptMessage,FQ17.2,true,"count(//LOOP[count(./*[local-name()!='COMMENT'])=0])=0",false,1
DemoProjectSecurityHelper,FQ17,Loop step must have child nodes,DemoProjectSecurityHelper.Service:decryptMessageCached,FQ17.3,true,"count(//LOOP[count(./*[local-name()!='COMMENT'])=0])=0",false,1
DemoProjectSecurityHelper,FQ17,Loop step must have child nodes,DemoProjectSecurityHelper.Service:encryptMessageCached,FQ17.4,true,"count(//LOOP[count(./*[local-name()!='COMMENT'])=0])=0",false,1
DemoProjectSecurityHelper,FQ17,Loop step must have child nodes,DemoProjectSecurityHelper.Test:testEncryption,FQ17.5,true,"count(//LOOP[count(./*[local-name()!='COMMENT'])=0])=0",false,1
DemoProjectSecurityHelper,FQ18,Repeat step must have child nodes,DemoProjectSecurityHelper.Pub:decryptMessage,FQ18.1,true,"count(//RETRY[count(./*[local-name()!='COMMENT'])=0])=0",false,1
DemoProjectSecurityHelper,FQ18,Repeat step must have child nodes,DemoProjectSecurityHelper.Pub:encryptMessage,FQ18.2,true,"count(//RETRY[count(./*[local-name()!='COMMENT'])=0])=0",false,1
DemoProjectSecurityHelper,FQ18,Repeat step must have child nodes,DemoProjectSecurityHelper.Service:decryptMessageCached,FQ18.3,true,"count(//RETRY[count(./*[local-name()!='COMMENT'])=0])=0",false,1
DemoProjectSecurityHelper,FQ18,Repeat step must have child nodes,DemoProjectSecurityHelper.Service:encryptMessageCached,FQ18.4,true,"count(//RETRY[count(./*[local-name()!='COMMENT'])=0])=0",false,1
DemoProjectSecurityHelper,FQ18,Repeat step must have child nodes,DemoProjectSecurityHelper.Test:testEncryption,FQ18.5,true,"count(//RETRY[count(./*[local-name()!='COMMENT'])=0])=0",false,1
DemoProjectSecurityHelper,FQ21,Loop must have an input array provided,DemoProjectSecurityHelper.Pub:decryptMessage,FQ21.1,true,"count(//LOOP[not(@IN-ARRAY)][not(@DISABLED)])=0",false,1
DemoProjectSecurityHelper,FQ21,Loop must have an input array provided,DemoProjectSecurityHelper.Pub:encryptMessage,FQ21.2,true,"count(//LOOP[not(@IN-ARRAY)][not(@DISABLED)])=0",false,1
DemoProjectSecurityHelper,FQ21,Loop must have an input array provided,DemoProjectSecurityHelper.Service:decryptMessageCached,FQ21.3,true,"count(//LOOP[not(@IN-ARRAY)][not(@DISABLED)])=0",false,1
DemoProjectSecurityHelper,FQ21,Loop must have an input array provided,DemoProjectSecurityHelper.Service:encryptMessageCached,FQ21.4,true,"count(//LOOP[not(@IN-ARRAY)][not(@DISABLED)])=0",false,1
DemoProjectSecurityHelper,FQ21,Loop must have an input array provided,DemoProjectSecurityHelper.Test:testEncryption,FQ21.5,true,"count(//LOOP[not(@IN-ARRAY)][not(@DISABLED)])=0",false,1
DemoProjectSecurityHelper,FQ22,Flow service should not be empty,DemoProjectSecurityHelper.Pub:decryptMessage,FQ22.1,true,"count(//FLOW/*[local-name()!='COMMENT' and not(@DISABLED='true')])>0",false,1
DemoProjectSecurityHelper,FQ22,Flow service should not be empty,DemoProjectSecurityHelper.Pub:encryptMessage,FQ22.2,true,"count(//FLOW/*[local-name()!='COMMENT' and not(@DISABLED='true')])>0",false,1
DemoProjectSecurityHelper,FQ22,Flow service should not be empty,DemoProjectSecurityHelper.Service:decryptMessageCached,FQ22.3,true,"count(//FLOW/*[local-name()!='COMMENT' and not(@DISABLED='true')])>0",false,1
DemoProjectSecurityHelper,FQ22,Flow service should not be empty,DemoProjectSecurityHelper.Service:encryptMessageCached,FQ22.4,true,"count(//FLOW/*[local-name()!='COMMENT' and not(@DISABLED='true')])>0",false,1
DemoProjectSecurityHelper,FQ22,Flow service should not be empty,DemoProjectSecurityHelper.Test:testEncryption,FQ22.5,true,"count(//FLOW/*[local-name()!='COMMENT' and not(@DISABLED='true')])>0",false,1
DemoProjectSecurityHelper,NS1,Root Folder Name,DemoProjectSecurityHelper,NS1.1,false,"DemoProjectSecurityHelper",false,-1
DemoProjectSecurityHelper,NS2,Folder Name,DemoProjectSecurityHelper,NS2.1,true,"[a-zA-Z]{1}[a-z0-9A-Z_]*|_{1}[a-z0-9A-Z_]*",false,1
DemoProjectSecurityHelper,NS2,Folder Name,DemoProjectSecurityHelper.Pub,NS2.2,true,"[a-zA-Z]{1}[a-z0-9A-Z_]*|_{1}[a-z0-9A-Z_]*",false,1
DemoProjectSecurityHelper,NS2,Folder Name,DemoProjectSecurityHelper.SecurityProvider,NS2.3,true,"[a-zA-Z]{1}[a-z0-9A-Z_]*|_{1}[a-z0-9A-Z_]*",false,1
DemoProjectSecurityHelper,NS2,Folder Name,DemoProjectSecurityHelper.Service,NS2.4,true,"[a-zA-Z]{1}[a-z0-9A-Z_]*|_{1}[a-z0-9A-Z_]*",false,1
DemoProjectSecurityHelper,NS2,Folder Name,DemoProjectSecurityHelper.Test,NS2.5,true,"[a-zA-Z]{1}[a-z0-9A-Z_]*|_{1}[a-z0-9A-Z_]*",false,1
DemoProjectSecurityHelper,NS4,Package Name,DemoProjectSecurityHelper,NS4.1,true,"startsWith('DemoProject')",false,1
DemoProjectSecurityHelper,NS4,Package Name,DemoProjectSecurityHelper,NS4.2,true,"startsWith('Wm')",false,1
DemoProjectSecurityHelper,NS4,Package Name,DemoProjectSecurityHelper,NS4.3,true,"endsWith('pkg')",false,1
DemoProjectSecurityHelper,NS4,Package Name,DemoProjectSecurityHelper,NS4.4,true,"endsWith('package')",false,1
DemoProjectSecurityHelper,NS4,Package Name,DemoProjectSecurityHelper,NS4.5,true,"[A-Z]{1}[a-zA-Z0-9_]*",false,1
DemoProjectSecurityHelper,NS5,Service Name,DemoProjectSecurityHelper.Pub:decryptMessage,NS5.1,true,"_get|_post|_delete|_put|_head|_default|_insert|_retrieve|_update|[a-z]{1}[a-zA-Z0-9_]*",false,1
DemoProjectSecurityHelper,NS5,Service Name,DemoProjectSecurityHelper.Pub:encryptMessage,NS5.2,true,"_get|_post|_delete|_put|_head|_default|_insert|_retrieve|_update|[a-z]{1}[a-zA-Z0-9_]*",false,1
DemoProjectSecurityHelper,NS5,Service Name,DemoProjectSecurityHelper.SecurityProvider:base64Decode,NS5.3,true,"_get|_post|_delete|_put|_head|_default|_insert|_retrieve|_update|[a-z]{1}[a-zA-Z0-9_]*",false,1
DemoProjectSecurityHelper,NS5,Service Name,DemoProjectSecurityHelper.SecurityProvider:base64Encode,NS5.4,true,"_get|_post|_delete|_put|_head|_default|_insert|_retrieve|_update|[a-z]{1}[a-zA-Z0-9_]*",false,1
DemoProjectSecurityHelper,NS5,Service Name,DemoProjectSecurityHelper.SecurityProvider:decryptMessage,NS5.5,true,"_get|_post|_delete|_put|_head|_default|_insert|_retrieve|_update|[a-z]{1}[a-zA-Z0-9_]*",false,1
DemoProjectSecurityHelper,NS5,Service Name,DemoProjectSecurityHelper.SecurityProvider:encryptMessage,NS5.6,true,"_get|_post|_delete|_put|_head|_default|_insert|_retrieve|_update|[a-z]{1}[a-zA-Z0-9_]*",false,1
DemoProjectSecurityHelper,NS5,Service Name,DemoProjectSecurityHelper.SecurityProvider:loadKey,NS5.7,true,"_get|_post|_delete|_put|_head|_default|_insert|_retrieve|_update|[a-z]{1}[a-zA-Z0-9_]*",false,1
DemoProjectSecurityHelper,NS5,Service Name,DemoProjectSecurityHelper.Service:decryptMessageCached,NS5.8,true,"_get|_post|_delete|_put|_head|_default|_insert|_retrieve|_update|[a-z]{1}[a-zA-Z0-9_]*",false,1
DemoProjectSecurityHelper,NS5,Service Name,DemoProjectSecurityHelper.Service:encryptMessageCached,NS5.9,true,"_get|_post|_delete|_put|_head|_default|_insert|_retrieve|_update|[a-z]{1}[a-zA-Z0-9_]*",false,1
DemoProjectSecurityHelper,NS5,Service Name,DemoProjectSecurityHelper.Test:testEncryption,NS5.10,true,"_get|_post|_delete|_put|_head|_default|_insert|_retrieve|_update|[a-z]{1}[a-zA-Z0-9_]*",false,1
DemoProjectSecurityHelper,NS16,Service Signature Name,DemoProjectSecurityHelper.Pub:decryptMessage;packageName,NS16.1,true,"\$filter|\$select|\$top|\$skip|\$count|\$orderby|\$inlinecount|\$resourceID|\$path|\$httpMethod|flow.inputs|flow.outputs|ProcessData|TaskData|TaskCompletionInfo|TaskQueueInfo|JMSMessage|JMSType|ActionEvent|ChallengeEvent|[a-zA-Z]{1}[a-zA-Z0-9_:\.-]*",false,1
DemoProjectSecurityHelper,NS16,Service Signature Name,DemoProjectSecurityHelper.Pub:decryptMessage;keyName,NS16.2,true,"\$filter|\$select|\$top|\$skip|\$count|\$orderby|\$inlinecount|\$resourceID|\$path|\$httpMethod|flow.inputs|flow.outputs|ProcessData|TaskData|TaskCompletionInfo|TaskQueueInfo|JMSMessage|JMSType|ActionEvent|ChallengeEvent|[a-zA-Z]{1}[a-zA-Z0-9_:\.-]*",false,1
DemoProjectSecurityHelper,NS16,Service Signature Name,DemoProjectSecurityHelper.Pub:decryptMessage;encryptedMessageBase64,NS16.3,true,"\$filter|\$select|\$top|\$skip|\$count|\$orderby|\$inlinecount|\$resourceID|\$path|\$httpMethod|flow.inputs|flow.outputs|ProcessData|TaskData|TaskCompletionInfo|TaskQueueInfo|JMSMessage|JMSType|ActionEvent|ChallengeEvent|[a-zA-Z]{1}[a-zA-Z0-9_:\.-]*",false,1
DemoProjectSecurityHelper,NS16,Service Signature Name,DemoProjectSecurityHelper.Pub:decryptMessage;encryptedMessage,NS16.4,true,"\$filter|\$select|\$top|\$skip|\$count|\$orderby|\$inlinecount|\$resourceID|\$path|\$httpMethod|flow.inputs|flow.outputs|ProcessData|TaskData|TaskCompletionInfo|TaskQueueInfo|JMSMessage|JMSType|ActionEvent|ChallengeEvent|[a-zA-Z]{1}[a-zA-Z0-9_:\.-]*",false,1
DemoProjectSecurityHelper,NS16,Service Signature Name,DemoProjectSecurityHelper.Pub:decryptMessage;message,NS16.5,true,"\$filter|\$select|\$top|\$skip|\$count|\$orderby|\$inlinecount|\$resourceID|\$path|\$httpMethod|flow.inputs|flow.outputs|ProcessData|TaskData|TaskCompletionInfo|TaskQueueInfo|JMSMessage|JMSType|ActionEvent|ChallengeEvent|[a-zA-Z]{1}[a-zA-Z0-9_:\.-]*",false,1
DemoProjectSecurityHelper,NS16,Service Signature Name,DemoProjectSecurityHelper.Pub:encryptMessage;message,NS16.6,true,"\$filter|\$select|\$top|\$skip|\$count|\$orderby|\$inlinecount|\$resourceID|\$path|\$httpMethod|flow.inputs|flow.outputs|ProcessData|TaskData|TaskCompletionInfo|TaskQueueInfo|JMSMessage|JMSType|ActionEvent|ChallengeEvent|[a-zA-Z]{1}[a-zA-Z0-9_:\.-]*",false,1
DemoProjectSecurityHelper,NS16,Service Signature Name,DemoProjectSecurityHelper.Pub:encryptMessage;packageName,NS16.7,true,"\$filter|\$select|\$top|\$skip|\$count|\$orderby|\$inlinecount|\$resourceID|\$path|\$httpMethod|flow.inputs|flow.outputs|ProcessData|TaskData|TaskCompletionInfo|TaskQueueInfo|JMSMessage|JMSType|ActionEvent|ChallengeEvent|[a-zA-Z]{1}[a-zA-Z0-9_:\.-]*",false,1
DemoProjectSecurityHelper,NS16,Service Signature Name,DemoProjectSecurityHelper.Pub:encryptMessage;keyName,NS16.8,true,"\$filter|\$select|\$top|\$skip|\$count|\$orderby|\$inlinecount|\$resourceID|\$path|\$httpMethod|flow.inputs|flow.outputs|ProcessData|TaskData|TaskCompletionInfo|TaskQueueInfo|JMSMessage|JMSType|ActionEvent|ChallengeEvent|[a-zA-Z]{1}[a-zA-Z0-9_:\.-]*",false,1
DemoProjectSecurityHelper,NS16,Service Signature Name,DemoProjectSecurityHelper.Pub:encryptMessage;encryptedMessageBase64,NS16.9,true,"\$filter|\$select|\$top|\$skip|\$count|\$orderby|\$inlinecount|\$resourceID|\$path|\$httpMethod|flow.inputs|flow.outputs|ProcessData|TaskData|TaskCompletionInfo|TaskQueueInfo|JMSMessage|JMSType|ActionEvent|ChallengeEvent|[a-zA-Z]{1}[a-zA-Z0-9_:\.-]*",false,1
DemoProjectSecurityHelper,NS16,Service Signature Name,DemoProjectSecurityHelper.Pub:encryptMessage;encryptedMessage,NS16.10,true,"\$filter|\$select|\$top|\$skip|\$count|\$orderby|\$inlinecount|\$resourceID|\$path|\$httpMethod|flow.inputs|flow.outputs|ProcessData|TaskData|TaskCompletionInfo|TaskQueueInfo|JMSMessage|JMSType|ActionEvent|ChallengeEvent|[a-zA-Z]{1}[a-zA-Z0-9_:\.-]*",false,1
DemoProjectSecurityHelper,NS16,Service Signature Name,DemoProjectSecurityHelper.SecurityProvider:base64Decode;base64DecodeInput,NS16.11,true,"\$filter|\$select|\$top|\$skip|\$count|\$orderby|\$inlinecount|\$resourceID|\$path|\$httpMethod|flow.inputs|flow.outputs|ProcessData|TaskData|TaskCompletionInfo|TaskQueueInfo|JMSMessage|JMSType|ActionEvent|ChallengeEvent|[a-zA-Z]{1}[a-zA-Z0-9_:\.-]*",false,1
DemoProjectSecurityHelper,NS16,Service Signature Name,DemoProjectSecurityHelper.SecurityProvider:base64Decode;messageBase64,NS16.12,true,"\$filter|\$select|\$top|\$skip|\$count|\$orderby|\$inlinecount|\$resourceID|\$path|\$httpMethod|flow.inputs|flow.outputs|ProcessData|TaskData|TaskCompletionInfo|TaskQueueInfo|JMSMessage|JMSType|ActionEvent|ChallengeEvent|[a-zA-Z]{1}[a-zA-Z0-9_:\.-]*",false,1
DemoProjectSecurityHelper,NS16,Service Signature Name,DemoProjectSecurityHelper.SecurityProvider:base64Decode;base64DecodeOutput,NS16.13,true,"\$filter|\$select|\$top|\$skip|\$count|\$orderby|\$inlinecount|\$resourceID|\$path|\$httpMethod|flow.inputs|flow.outputs|ProcessData|TaskData|TaskCompletionInfo|TaskQueueInfo|JMSMessage|JMSType|ActionEvent|ChallengeEvent|[a-zA-Z]{1}[a-zA-Z0-9_:\.-]*",false,1
DemoProjectSecurityHelper,NS16,Service Signature Name,DemoProjectSecurityHelper.SecurityProvider:base64Decode;message,NS16.14,true,"\$filter|\$select|\$top|\$skip|\$count|\$orderby|\$inlinecount|\$resourceID|\$path|\$httpMethod|flow.inputs|flow.outputs|ProcessData|TaskData|TaskCompletionInfo|TaskQueueInfo|JMSMessage|JMSType|ActionEvent|ChallengeEvent|[a-zA-Z]{1}[a-zA-Z0-9_:\.-]*",false,1
DemoProjectSecurityHelper,NS16,Service Signature Name,DemoProjectSecurityHelper.SecurityProvider:base64Encode;base64EncodeInput,NS16.15,true,"\$filter|\$select|\$top|\$skip|\$count|\$orderby|\$inlinecount|\$resourceID|\$path|\$httpMethod|flow.inputs|flow.outputs|ProcessData|TaskData|TaskCompletionInfo|TaskQueueInfo|JMSMessage|JMSType|ActionEvent|ChallengeEvent|[a-zA-Z]{1}[a-zA-Z0-9_:\.-]*",false,1
DemoProjectSecurityHelper,NS16,Service Signature Name,DemoProjectSecurityHelper.SecurityProvider:base64Encode;message,NS16.16,true,"\$filter|\$select|\$top|\$skip|\$count|\$orderby|\$inlinecount|\$resourceID|\$path|\$httpMethod|flow.inputs|flow.outputs|ProcessData|TaskData|TaskCompletionInfo|TaskQueueInfo|JMSMessage|JMSType|ActionEvent|ChallengeEvent|[a-zA-Z]{1}[a-zA-Z0-9_:\.-]*",false,1
DemoProjectSecurityHelper,NS16,Service Signature Name,DemoProjectSecurityHelper.SecurityProvider:base64Encode;base64EncodeOutput,NS16.17,true,"\$filter|\$select|\$top|\$skip|\$count|\$orderby|\$inlinecount|\$resourceID|\$path|\$httpMethod|flow.inputs|flow.outputs|ProcessData|TaskData|TaskCompletionInfo|TaskQueueInfo|JMSMessage|JMSType|ActionEvent|ChallengeEvent|[a-zA-Z]{1}[a-zA-Z0-9_:\.-]*",false,1
DemoProjectSecurityHelper,NS16,Service Signature Name,DemoProjectSecurityHelper.SecurityProvider:base64Encode;messageBase64,NS16.18,true,"\$filter|\$select|\$top|\$skip|\$count|\$orderby|\$inlinecount|\$resourceID|\$path|\$httpMethod|flow.inputs|flow.outputs|ProcessData|TaskData|TaskCompletionInfo|TaskQueueInfo|JMSMessage|JMSType|ActionEvent|ChallengeEvent|[a-zA-Z]{1}[a-zA-Z0-9_:\.-]*",false,1
DemoProjectSecurityHelper,NS16,Service Signature Name,DemoProjectSecurityHelper.SecurityProvider:decryptMessage;decryptMessageInput,NS16.19,true,"\$filter|\$select|\$top|\$skip|\$count|\$orderby|\$inlinecount|\$resourceID|\$path|\$httpMethod|flow.inputs|flow.outputs|ProcessData|TaskData|TaskCompletionInfo|TaskQueueInfo|JMSMessage|JMSType|ActionEvent|ChallengeEvent|[a-zA-Z]{1}[a-zA-Z0-9_:\.-]*",false,1
DemoProjectSecurityHelper,NS16,Service Signature Name,DemoProjectSecurityHelper.SecurityProvider:decryptMessage;publicKey,NS16.20,true,"\$filter|\$select|\$top|\$skip|\$count|\$orderby|\$inlinecount|\$resourceID|\$path|\$httpMethod|flow.inputs|flow.outputs|ProcessData|TaskData|TaskCompletionInfo|TaskQueueInfo|JMSMessage|JMSType|ActionEvent|ChallengeEvent|[a-zA-Z]{1}[a-zA-Z0-9_:\.-]*",false,1
DemoProjectSecurityHelper,NS16,Service Signature Name,DemoProjectSecurityHelper.SecurityProvider:decryptMessage;encryptedMessageBase64,NS16.21,true,"\$filter|\$select|\$top|\$skip|\$count|\$orderby|\$inlinecount|\$resourceID|\$path|\$httpMethod|flow.inputs|flow.outputs|ProcessData|TaskData|TaskCompletionInfo|TaskQueueInfo|JMSMessage|JMSType|ActionEvent|ChallengeEvent|[a-zA-Z]{1}[a-zA-Z0-9_:\.-]*",false,1
DemoProjectSecurityHelper,NS16,Service Signature Name,DemoProjectSecurityHelper.SecurityProvider:decryptMessage;encryptedMessage,NS16.22,true,"\$filter|\$select|\$top|\$skip|\$count|\$orderby|\$inlinecount|\$resourceID|\$path|\$httpMethod|flow.inputs|flow.outputs|ProcessData|TaskData|TaskCompletionInfo|TaskQueueInfo|JMSMessage|JMSType|ActionEvent|ChallengeEvent|[a-zA-Z]{1}[a-zA-Z0-9_:\.-]*",false,1
DemoProjectSecurityHelper,NS16,Service Signature Name,DemoProjectSecurityHelper.SecurityProvider:decryptMessage;decryptMessageOutput,NS16.23,true,"\$filter|\$select|\$top|\$skip|\$count|\$orderby|\$inlinecount|\$resourceID|\$path|\$httpMethod|flow.inputs|flow.outputs|ProcessData|TaskData|TaskCompletionInfo|TaskQueueInfo|JMSMessage|JMSType|ActionEvent|ChallengeEvent|[a-zA-Z]{1}[a-zA-Z0-9_:\.-]*",false,1
DemoProjectSecurityHelper,NS16,Service Signature Name,DemoProjectSecurityHelper.SecurityProvider:decryptMessage;decryptedMessage,NS16.24,true,"\$filter|\$select|\$top|\$skip|\$count|\$orderby|\$inlinecount|\$resourceID|\$path|\$httpMethod|flow.inputs|flow.outputs|ProcessData|TaskData|TaskCompletionInfo|TaskQueueInfo|JMSMessage|JMSType|ActionEvent|ChallengeEvent|[a-zA-Z]{1}[a-zA-Z0-9_:\.-]*",false,1
DemoProjectSecurityHelper,NS16,Service Signature Name,DemoProjectSecurityHelper.SecurityProvider:encryptMessage;encryptMessageInput,NS16.25,true,"\$filter|\$select|\$top|\$skip|\$count|\$orderby|\$inlinecount|\$resourceID|\$path|\$httpMethod|flow.inputs|flow.outputs|ProcessData|TaskData|TaskCompletionInfo|TaskQueueInfo|JMSMessage|JMSType|ActionEvent|ChallengeEvent|[a-zA-Z]{1}[a-zA-Z0-9_:\.-]*",false,1
DemoProjectSecurityHelper,NS16,Service Signature Name,DemoProjectSecurityHelper.SecurityProvider:encryptMessage;message,NS16.26,true,"\$filter|\$select|\$top|\$skip|\$count|\$orderby|\$inlinecount|\$resourceID|\$path|\$httpMethod|flow.inputs|flow.outputs|ProcessData|TaskData|TaskCompletionInfo|TaskQueueInfo|JMSMessage|JMSType|ActionEvent|ChallengeEvent|[a-zA-Z]{1}[a-zA-Z0-9_:\.-]*",false,1
DemoProjectSecurityHelper,NS16,Service Signature Name,DemoProjectSecurityHelper.SecurityProvider:encryptMessage;privateKey,NS16.27,true,"\$filter|\$select|\$top|\$skip|\$count|\$orderby|\$inlinecount|\$resourceID|\$path|\$httpMethod|flow.inputs|flow.outputs|ProcessData|TaskData|TaskCompletionInfo|TaskQueueInfo|JMSMessage|JMSType|ActionEvent|ChallengeEvent|[a-zA-Z]{1}[a-zA-Z0-9_:\.-]*",false,1
DemoProjectSecurityHelper,NS16,Service Signature Name,DemoProjectSecurityHelper.SecurityProvider:encryptMessage;encryptMessageOutput,NS16.28,true,"\$filter|\$select|\$top|\$skip|\$count|\$orderby|\$inlinecount|\$resourceID|\$path|\$httpMethod|flow.inputs|flow.outputs|ProcessData|TaskData|TaskCompletionInfo|TaskQueueInfo|JMSMessage|JMSType|ActionEvent|ChallengeEvent|[a-zA-Z]{1}[a-zA-Z0-9_:\.-]*",false,1
DemoProjectSecurityHelper,NS16,Service Signature Name,DemoProjectSecurityHelper.SecurityProvider:encryptMessage;encryptedMessageBase64,NS16.29,true,"\$filter|\$select|\$top|\$skip|\$count|\$orderby|\$inlinecount|\$resourceID|\$path|\$httpMethod|flow.inputs|flow.outputs|ProcessData|TaskData|TaskCompletionInfo|TaskQueueInfo|JMSMessage|JMSType|ActionEvent|ChallengeEvent|[a-zA-Z]{1}[a-zA-Z0-9_:\.-]*",false,1
DemoProjectSecurityHelper,NS16,Service Signature Name,DemoProjectSecurityHelper.SecurityProvider:encryptMessage;encryptedMessage,NS16.30,true,"\$filter|\$select|\$top|\$skip|\$count|\$orderby|\$inlinecount|\$resourceID|\$path|\$httpMethod|flow.inputs|flow.outputs|ProcessData|TaskData|TaskCompletionInfo|TaskQueueInfo|JMSMessage|JMSType|ActionEvent|ChallengeEvent|[a-zA-Z]{1}[a-zA-Z0-9_:\.-]*",false,1
DemoProjectSecurityHelper,NS16,Service Signature Name,DemoProjectSecurityHelper.SecurityProvider:loadKey;loadKeyInput,NS16.31,true,"\$filter|\$select|\$top|\$skip|\$count|\$orderby|\$inlinecount|\$resourceID|\$path|\$httpMethod|flow.inputs|flow.outputs|ProcessData|TaskData|TaskCompletionInfo|TaskQueueInfo|JMSMessage|JMSType|ActionEvent|ChallengeEvent|[a-zA-Z]{1}[a-zA-Z0-9_:\.-]*",false,1
DemoProjectSecurityHelper,NS16,Service Signature Name,DemoProjectSecurityHelper.SecurityProvider:loadKey;keyType,NS16.32,true,"\$filter|\$select|\$top|\$skip|\$count|\$orderby|\$inlinecount|\$resourceID|\$path|\$httpMethod|flow.inputs|flow.outputs|ProcessData|TaskData|TaskCompletionInfo|TaskQueueInfo|JMSMessage|JMSType|ActionEvent|ChallengeEvent|[a-zA-Z]{1}[a-zA-Z0-9_:\.-]*",false,1
DemoProjectSecurityHelper,NS16,Service Signature Name,DemoProjectSecurityHelper.SecurityProvider:loadKey;keyName,NS16.33,true,"\$filter|\$select|\$top|\$skip|\$count|\$orderby|\$inlinecount|\$resourceID|\$path|\$httpMethod|flow.inputs|flow.outputs|ProcessData|TaskData|TaskCompletionInfo|TaskQueueInfo|JMSMessage|JMSType|ActionEvent|ChallengeEvent|[a-zA-Z]{1}[a-zA-Z0-9_:\.-]*",false,1
DemoProjectSecurityHelper,NS16,Service Signature Name,DemoProjectSecurityHelper.SecurityProvider:loadKey;packageName,NS16.34,true,"\$filter|\$select|\$top|\$skip|\$count|\$orderby|\$inlinecount|\$resourceID|\$path|\$httpMethod|flow.inputs|flow.outputs|ProcessData|TaskData|TaskCompletionInfo|TaskQueueInfo|JMSMessage|JMSType|ActionEvent|ChallengeEvent|[a-zA-Z]{1}[a-zA-Z0-9_:\.-]*",false,1
DemoProjectSecurityHelper,NS16,Service Signature Name,DemoProjectSecurityHelper.SecurityProvider:loadKey;loadKeyOutput,NS16.35,true,"\$filter|\$select|\$top|\$skip|\$count|\$orderby|\$inlinecount|\$resourceID|\$path|\$httpMethod|flow.inputs|flow.outputs|ProcessData|TaskData|TaskCompletionInfo|TaskQueueInfo|JMSMessage|JMSType|ActionEvent|ChallengeEvent|[a-zA-Z]{1}[a-zA-Z0-9_:\.-]*",false,1
DemoProjectSecurityHelper,NS16,Service Signature Name,DemoProjectSecurityHelper.SecurityProvider:loadKey;key,NS16.36,true,"\$filter|\$select|\$top|\$skip|\$count|\$orderby|\$inlinecount|\$resourceID|\$path|\$httpMethod|flow.inputs|flow.outputs|ProcessData|TaskData|TaskCompletionInfo|TaskQueueInfo|JMSMessage|JMSType|ActionEvent|ChallengeEvent|[a-zA-Z]{1}[a-zA-Z0-9_:\.-]*",false,1
DemoProjectSecurityHelper,NS16,Service Signature Name,DemoProjectSecurityHelper.Service:decryptMessageCached;packageName,NS16.37,true,"\$filter|\$select|\$top|\$skip|\$count|\$orderby|\$inlinecount|\$resourceID|\$path|\$httpMethod|flow.inputs|flow.outputs|ProcessData|TaskData|TaskCompletionInfo|TaskQueueInfo|JMSMessage|JMSType|ActionEvent|ChallengeEvent|[a-zA-Z]{1}[a-zA-Z0-9_:\.-]*",false,1
DemoProjectSecurityHelper,NS16,Service Signature Name,DemoProjectSecurityHelper.Service:decryptMessageCached;keyName,NS16.38,true,"\$filter|\$select|\$top|\$skip|\$count|\$orderby|\$inlinecount|\$resourceID|\$path|\$httpMethod|flow.inputs|flow.outputs|ProcessData|TaskData|TaskCompletionInfo|TaskQueueInfo|JMSMessage|JMSType|ActionEvent|ChallengeEvent|[a-zA-Z]{1}[a-zA-Z0-9_:\.-]*",false,1
DemoProjectSecurityHelper,NS16,Service Signature Name,DemoProjectSecurityHelper.Service:decryptMessageCached;encryptedMessageBase64,NS16.39,true,"\$filter|\$select|\$top|\$skip|\$count|\$orderby|\$inlinecount|\$resourceID|\$path|\$httpMethod|flow.inputs|flow.outputs|ProcessData|TaskData|TaskCompletionInfo|TaskQueueInfo|JMSMessage|JMSType|ActionEvent|ChallengeEvent|[a-zA-Z]{1}[a-zA-Z0-9_:\.-]*",false,1
DemoProjectSecurityHelper,NS16,Service Signature Name,DemoProjectSecurityHelper.Service:decryptMessageCached;encryptedMessage,NS16.40,true,"\$filter|\$select|\$top|\$skip|\$count|\$orderby|\$inlinecount|\$resourceID|\$path|\$httpMethod|flow.inputs|flow.outputs|ProcessData|TaskData|TaskCompletionInfo|TaskQueueInfo|JMSMessage|JMSType|ActionEvent|ChallengeEvent|[a-zA-Z]{1}[a-zA-Z0-9_:\.-]*",false,1
DemoProjectSecurityHelper,NS16,Service Signature Name,DemoProjectSecurityHelper.Service:decryptMessageCached;message,NS16.41,true,"\$filter|\$select|\$top|\$skip|\$count|\$orderby|\$inlinecount|\$resourceID|\$path|\$httpMethod|flow.inputs|flow.outputs|ProcessData|TaskData|TaskCompletionInfo|TaskQueueInfo|JMSMessage|JMSType|ActionEvent|ChallengeEvent|[a-zA-Z]{1}[a-zA-Z0-9_:\.-]*",false,1
DemoProjectSecurityHelper,NS16,Service Signature Name,DemoProjectSecurityHelper.Service:encryptMessageCached;message,NS16.42,true,"\$filter|\$select|\$top|\$skip|\$count|\$orderby|\$inlinecount|\$resourceID|\$path|\$httpMethod|flow.inputs|flow.outputs|ProcessData|TaskData|TaskCompletionInfo|TaskQueueInfo|JMSMessage|JMSType|ActionEvent|ChallengeEvent|[a-zA-Z]{1}[a-zA-Z0-9_:\.-]*",false,1
DemoProjectSecurityHelper,NS16,Service Signature Name,DemoProjectSecurityHelper.Service:encryptMessageCached;packageName,NS16.43,true,"\$filter|\$select|\$top|\$skip|\$count|\$orderby|\$inlinecount|\$resourceID|\$path|\$httpMethod|flow.inputs|flow.outputs|ProcessData|TaskData|TaskCompletionInfo|TaskQueueInfo|JMSMessage|JMSType|ActionEvent|ChallengeEvent|[a-zA-Z]{1}[a-zA-Z0-9_:\.-]*",false,1
DemoProjectSecurityHelper,NS16,Service Signature Name,DemoProjectSecurityHelper.Service:encryptMessageCached;keyName,NS16.44,true,"\$filter|\$select|\$top|\$skip|\$count|\$orderby|\$inlinecount|\$resourceID|\$path|\$httpMethod|flow.inputs|flow.outputs|ProcessData|TaskData|TaskCompletionInfo|TaskQueueInfo|JMSMessage|JMSType|ActionEvent|ChallengeEvent|[a-zA-Z]{1}[a-zA-Z0-9_:\.-]*",false,1
DemoProjectSecurityHelper,NS16,Service Signature Name,DemoProjectSecurityHelper.Service:encryptMessageCached;encryptedMessageBase64,NS16.45,true,"\$filter|\$select|\$top|\$skip|\$count|\$orderby|\$inlinecount|\$resourceID|\$path|\$httpMethod|flow.inputs|flow.outputs|ProcessData|TaskData|TaskCompletionInfo|TaskQueueInfo|JMSMessage|JMSType|ActionEvent|ChallengeEvent|[a-zA-Z]{1}[a-zA-Z0-9_:\.-]*",false,1
DemoProjectSecurityHelper,NS16,Service Signature Name,DemoProjectSecurityHelper.Service:encryptMessageCached;encryptedMessage,NS16.46,true,"\$filter|\$select|\$top|\$skip|\$count|\$orderby|\$inlinecount|\$resourceID|\$path|\$httpMethod|flow.inputs|flow.outputs|ProcessData|TaskData|TaskCompletionInfo|TaskQueueInfo|JMSMessage|JMSType|ActionEvent|ChallengeEvent|[a-zA-Z]{1}[a-zA-Z0-9_:\.-]*",false,1
DemoProjectSecurityHelper,NS16,Service Signature Name,DemoProjectSecurityHelper.Test:testEncryption;message,NS16.47,true,"\$filter|\$select|\$top|\$skip|\$count|\$orderby|\$inlinecount|\$resourceID|\$path|\$httpMethod|flow.inputs|flow.outputs|ProcessData|TaskData|TaskCompletionInfo|TaskQueueInfo|JMSMessage|JMSType|ActionEvent|ChallengeEvent|[a-zA-Z]{1}[a-zA-Z0-9_:\.-]*",false,1
DemoProjectSecurityHelper,NS16,Service Signature Name,DemoProjectSecurityHelper.Test:testEncryption;message,NS16.48,true,"\$filter|\$select|\$top|\$skip|\$count|\$orderby|\$inlinecount|\$resourceID|\$path|\$httpMethod|flow.inputs|flow.outputs|ProcessData|TaskData|TaskCompletionInfo|TaskQueueInfo|JMSMessage|JMSType|ActionEvent|ChallengeEvent|[a-zA-Z]{1}[a-zA-Z0-9_:\.-]*",false,1
DemoProjectSecurityHelper,NS16,Service Signature Name,DemoProjectSecurityHelper.Test:testEncryption;decryptedMessageBase64,NS16.49,true,"\$filter|\$select|\$top|\$skip|\$count|\$orderby|\$inlinecount|\$resourceID|\$path|\$httpMethod|flow.inputs|flow.outputs|ProcessData|TaskData|TaskCompletionInfo|TaskQueueInfo|JMSMessage|JMSType|ActionEvent|ChallengeEvent|[a-zA-Z]{1}[a-zA-Z0-9_:\.-]*",false,1
DemoProjectSecurityHelper,NS16,Service Signature Name,DemoProjectSecurityHelper.Test:testEncryption;decryptedMessageByteArray,NS16.50,true,"\$filter|\$select|\$top|\$skip|\$count|\$orderby|\$inlinecount|\$resourceID|\$path|\$httpMethod|flow.inputs|flow.outputs|ProcessData|TaskData|TaskCompletionInfo|TaskQueueInfo|JMSMessage|JMSType|ActionEvent|ChallengeEvent|[a-zA-Z]{1}[a-zA-Z0-9_:\.-]*",false,1
DemoProjectSecurityHelper,NS16,Service Signature Name,DemoProjectSecurityHelper.Test:testEncryption;encryptedMessageBase64,NS16.51,true,"\$filter|\$select|\$top|\$skip|\$count|\$orderby|\$inlinecount|\$resourceID|\$path|\$httpMethod|flow.inputs|flow.outputs|ProcessData|TaskData|TaskCompletionInfo|TaskQueueInfo|JMSMessage|JMSType|ActionEvent|ChallengeEvent|[a-zA-Z]{1}[a-zA-Z0-9_:\.-]*",false,1
DemoProjectSecurityHelper,NS16,Service Signature Name,DemoProjectSecurityHelper.Test:testEncryption;encryptedMessage,NS16.52,true,"\$filter|\$select|\$top|\$skip|\$count|\$orderby|\$inlinecount|\$resourceID|\$path|\$httpMethod|flow.inputs|flow.outputs|ProcessData|TaskData|TaskCompletionInfo|TaskQueueInfo|JMSMessage|JMSType|ActionEvent|ChallengeEvent|[a-zA-Z]{1}[a-zA-Z0-9_:\.-]*",false,1
DemoProjectSecurityHelper,MS1,Non-Production Service Package Suffixes,DemoProjectSecurityHelper,MS1.1,true,"not endsWith('_TEST')",false,1
DemoProjectSecurityHelper,MS1,Non-Production Service Package Suffixes,DemoProjectSecurityHelper,MS1.2,true,"not endsWith('_STUB')",false,1
DemoProjectSecurityHelper,MS1,Non-Production Service Package Suffixes,DemoProjectSecurityHelper,MS1.3,true,"not endsWith('_DEV')",false,1
DemoProjectSecurityHelper,SEN1.1,totals,null,Flow Services,N/A,"5",FALSE,1
DemoProjectSecurityHelper,SEN1.2,totals,null,Java Services,N/A,"5",FALSE,1
DemoProjectSecurityHelper,SEN1.3,totals,null,Documents,N/A,"0",FALSE,1
DemoProjectSecurityHelper,SEN1.4,totals,null,Schemas,N/A,"0",FALSE,1
DemoProjectSecurityHelper,SEN1.5,totals,null,FF Dictionaries,N/A,"0",FALSE,1
DemoProjectSecurityHelper,SEN1.6,totals,null,FF Schemas,N/A,"0",FALSE,1
DemoProjectSecurityHelper,SEN1.7,totals,null,Blaze,N/A,"0",FALSE,1
DemoProjectSecurityHelper,SEN1.8,totals,null,Xsl,N/A,"0",FALSE,1
DemoProjectSecurityHelper,SEN1.9,totals,null,Adapters,N/A,"0",FALSE,1
DemoProjectSecurityHelper,SEN1.10,totals,null,Triggers,N/A,"0",FALSE,1
DemoProjectSecurityHelper,SEN1.11,totals,null,WSDs,N/A,"0",FALSE,1
DemoProjectSecurityHelper,SEN1.12,totals,null,Connections,N/A,"0",FALSE,1
DemoProjectSecurityHelper,SEN1.13,totals,null,Map Services,N/A,"0",FALSE,1
DemoProjectSecurityHelper,SEN1.14,totals,null,OData Services,N/A,"0",FALSE,1
DemoProjectSecurityHelper,SEN1.15,totals,null,Rest Resources,N/A,"0",FALSE,1
DemoProjectSecurityHelper,SEN1.16,totals,null,Rest Descriptors,N/A,"0",FALSE,1
DemoProjectSecurityHelper,SEN1.17,totals,null,Folders,N/A,"5",FALSE,1
DemoProjectSecurityHelper,SEN1.18,totals,null,TotalChecks,N/A,"36",FALSE,1
DemoProjectSecurityHelper,SEN1.19,totals,null,TotalWarning,N/A,"1",FALSE,1
DemoProjectSecurityHelper,SEN1.20,totals,null,TotalFailed,N/A,"1",FALSE,1
DemoProjectSecurityHelper,SEN1.21,totals,null,TotalPassed,N/A,"34",FALSE,1
DemoProjectSecurityHelper,SEN1.1.1,SummaryTotals/totals,null,overallQualityPct,N/A,"96",FALSE,1
DemoProjectSecurityHelper,SEN2.1,CodeLines,DemoProjectSecurityHelper.SecurityProvider:base64Decode,Lines,N/A,"10",FALSE,1
DemoProjectSecurityHelper,SEN2.2,CodeLines,DemoProjectSecurityHelper.SecurityProvider:base64Encode,Lines,N/A,"10",FALSE,1
DemoProjectSecurityHelper,SEN2.3,CodeLines,DemoProjectSecurityHelper.SecurityProvider:decryptMessage,Lines,N/A,"35",FALSE,1
DemoProjectSecurityHelper,SEN2.4,CodeLines,DemoProjectSecurityHelper.SecurityProvider:encryptMessage,Lines,N/A,"29",FALSE,1
DemoProjectSecurityHelper,SEN2.5,CodeLines,DemoProjectSecurityHelper.SecurityProvider:loadKey,Lines,N/A,"26",FALSE,1
DemoProjectSecurityHelper,SEN2.6,CodeLines,DemoProjectSecurityHelper.Pub:decryptMessage,noMap,N/A,"1",FALSE,1
DemoProjectSecurityHelper,SEN2.7,CodeLines,DemoProjectSecurityHelper.Pub:decryptMessage,noMapCopies,N/A,"5",FALSE,1
DemoProjectSecurityHelper,SEN2.8,CodeLines,DemoProjectSecurityHelper.Pub:decryptMessage,noBranch,N/A,"0",FALSE,1
DemoProjectSecurityHelper,SEN2.9,CodeLines,DemoProjectSecurityHelper.Pub:decryptMessage,noLoop,N/A,"0",FALSE,1
DemoProjectSecurityHelper,SEN2.10,CodeLines,DemoProjectSecurityHelper.Pub:decryptMessage,noRetry,N/A,"0",FALSE,1
DemoProjectSecurityHelper,SEN2.11,CodeLines,DemoProjectSecurityHelper.Pub:decryptMessage,noSeq,N/A,"0",FALSE,1
DemoProjectSecurityHelper,SEN2.12,CodeLines,DemoProjectSecurityHelper.Pub:decryptMessage,noExit,N/A,"0",FALSE,1
DemoProjectSecurityHelper,SEN2.13,CodeLines,DemoProjectSecurityHelper.Pub:decryptMessage,noInvoke,N/A,"0",FALSE,1
DemoProjectSecurityHelper,SEN2.14,CodeLines,DemoProjectSecurityHelper.Pub:decryptMessage,noDisabled,N/A,"0",FALSE,1
DemoProjectSecurityHelper,SEN2.15,CodeLines,DemoProjectSecurityHelper.Pub:decryptMessage,Loop-n3,N/A,"0",FALSE,1
DemoProjectSecurityHelper,SEN2.16,CodeLines,DemoProjectSecurityHelper.Pub:decryptMessage,Loop-n2,N/A,"0",FALSE,1
DemoProjectSecurityHelper,SEN2.17,CodeLines,DemoProjectSecurityHelper.Pub:decryptMessage,Loop-n1,N/A,"0",FALSE,1
DemoProjectSecurityHelper,SEN2.18,CodeLines,DemoProjectSecurityHelper.Pub:decryptMessage,Branch-n3,N/A,"0",FALSE,1
DemoProjectSecurityHelper,SEN2.19,CodeLines,DemoProjectSecurityHelper.Pub:decryptMessage,Branch-n2,N/A,"0",FALSE,1
DemoProjectSecurityHelper,SEN2.20,CodeLines,DemoProjectSecurityHelper.Pub:decryptMessage,Branch-n1,N/A,"0",FALSE,1
DemoProjectSecurityHelper,SEN2.21,CodeLines,DemoProjectSecurityHelper.Pub:decryptMessage,Repeat-n3,N/A,"0",FALSE,1
DemoProjectSecurityHelper,SEN2.22,CodeLines,DemoProjectSecurityHelper.Pub:decryptMessage,Repeat-n2,N/A,"0",FALSE,1
DemoProjectSecurityHelper,SEN2.23,CodeLines,DemoProjectSecurityHelper.Pub:decryptMessage,Repeat-n1,N/A,"0",FALSE,1
DemoProjectSecurityHelper,SEN2.24,CodeLines,DemoProjectSecurityHelper.Pub:encryptMessage,noMap,N/A,"1",FALSE,1
DemoProjectSecurityHelper,SEN2.25,CodeLines,DemoProjectSecurityHelper.Pub:encryptMessage,noMapCopies,N/A,"5",FALSE,1
DemoProjectSecurityHelper,SEN2.26,CodeLines,DemoProjectSecurityHelper.Pub:encryptMessage,noBranch,N/A,"0",FALSE,1
DemoProjectSecurityHelper,SEN2.27,CodeLines,DemoProjectSecurityHelper.Pub:encryptMessage,noLoop,N/A,"0",FALSE,1
DemoProjectSecurityHelper,SEN2.28,CodeLines,DemoProjectSecurityHelper.Pub:encryptMessage,noRetry,N/A,"0",FALSE,1
DemoProjectSecurityHelper,SEN2.29,CodeLines,DemoProjectSecurityHelper.Pub:encryptMessage,noSeq,N/A,"0",FALSE,1
DemoProjectSecurityHelper,SEN2.30,CodeLines,DemoProjectSecurityHelper.Pub:encryptMessage,noExit,N/A,"0",FALSE,1
DemoProjectSecurityHelper,SEN2.31,CodeLines,DemoProjectSecurityHelper.Pub:encryptMessage,noInvoke,N/A,"0",FALSE,1
DemoProjectSecurityHelper,SEN2.32,CodeLines,DemoProjectSecurityHelper.Pub:encryptMessage,noDisabled,N/A,"0",FALSE,1
DemoProjectSecurityHelper,SEN2.33,CodeLines,DemoProjectSecurityHelper.Pub:encryptMessage,Loop-n3,N/A,"0",FALSE,1
DemoProjectSecurityHelper,SEN2.34,CodeLines,DemoProjectSecurityHelper.Pub:encryptMessage,Loop-n2,N/A,"0",FALSE,1
DemoProjectSecurityHelper,SEN2.35,CodeLines,DemoProjectSecurityHelper.Pub:encryptMessage,Loop-n1,N/A,"0",FALSE,1
DemoProjectSecurityHelper,SEN2.36,CodeLines,DemoProjectSecurityHelper.Pub:encryptMessage,Branch-n3,N/A,"0",FALSE,1
DemoProjectSecurityHelper,SEN2.37,CodeLines,DemoProjectSecurityHelper.Pub:encryptMessage,Branch-n2,N/A,"0",FALSE,1
DemoProjectSecurityHelper,SEN2.38,CodeLines,DemoProjectSecurityHelper.Pub:encryptMessage,Branch-n1,N/A,"0",FALSE,1
DemoProjectSecurityHelper,SEN2.39,CodeLines,DemoProjectSecurityHelper.Pub:encryptMessage,Repeat-n3,N/A,"0",FALSE,1
DemoProjectSecurityHelper,SEN2.40,CodeLines,DemoProjectSecurityHelper.Pub:encryptMessage,Repeat-n2,N/A,"0",FALSE,1
DemoProjectSecurityHelper,SEN2.41,CodeLines,DemoProjectSecurityHelper.Pub:encryptMessage,Repeat-n1,N/A,"0",FALSE,1
DemoProjectSecurityHelper,SEN2.42,CodeLines,DemoProjectSecurityHelper.Service:decryptMessageCached,noMap,N/A,"1",FALSE,1
DemoProjectSecurityHelper,SEN2.43,CodeLines,DemoProjectSecurityHelper.Service:decryptMessageCached,noMapCopies,N/A,"7",FALSE,1
DemoProjectSecurityHelper,SEN2.44,CodeLines,DemoProjectSecurityHelper.Service:decryptMessageCached,noBranch,N/A,"0",FALSE,1
DemoProjectSecurityHelper,SEN2.45,CodeLines,DemoProjectSecurityHelper.Service:decryptMessageCached,noLoop,N/A,"0",FALSE,1
DemoProjectSecurityHelper,SEN2.46,CodeLines,DemoProjectSecurityHelper.Service:decryptMessageCached,noRetry,N/A,"0",FALSE,1
DemoProjectSecurityHelper,SEN2.47,CodeLines,DemoProjectSecurityHelper.Service:decryptMessageCached,noSeq,N/A,"0",FALSE,1
DemoProjectSecurityHelper,SEN2.48,CodeLines,DemoProjectSecurityHelper.Service:decryptMessageCached,noExit,N/A,"0",FALSE,1
DemoProjectSecurityHelper,SEN2.49,CodeLines,DemoProjectSecurityHelper.Service:decryptMessageCached,noInvoke,N/A,"1",FALSE,1
DemoProjectSecurityHelper,SEN2.50,CodeLines,DemoProjectSecurityHelper.Service:decryptMessageCached,noDisabled,N/A,"0",FALSE,1
DemoProjectSecurityHelper,SEN2.51,CodeLines,DemoProjectSecurityHelper.Service:decryptMessageCached,Loop-n3,N/A,"0",FALSE,1
DemoProjectSecurityHelper,SEN2.52,CodeLines,DemoProjectSecurityHelper.Service:decryptMessageCached,Loop-n2,N/A,"0",FALSE,1
DemoProjectSecurityHelper,SEN2.53,CodeLines,DemoProjectSecurityHelper.Service:decryptMessageCached,Loop-n1,N/A,"0",FALSE,1
DemoProjectSecurityHelper,SEN2.54,CodeLines,DemoProjectSecurityHelper.Service:decryptMessageCached,Branch-n3,N/A,"0",FALSE,1
DemoProjectSecurityHelper,SEN2.55,CodeLines,DemoProjectSecurityHelper.Service:decryptMessageCached,Branch-n2,N/A,"0",FALSE,1
DemoProjectSecurityHelper,SEN2.56,CodeLines,DemoProjectSecurityHelper.Service:decryptMessageCached,Branch-n1,N/A,"0",FALSE,1
DemoProjectSecurityHelper,SEN2.57,CodeLines,DemoProjectSecurityHelper.Service:decryptMessageCached,Repeat-n3,N/A,"0",FALSE,1
DemoProjectSecurityHelper,SEN2.58,CodeLines,DemoProjectSecurityHelper.Service:decryptMessageCached,Repeat-n2,N/A,"0",FALSE,1
DemoProjectSecurityHelper,SEN2.59,CodeLines,DemoProjectSecurityHelper.Service:decryptMessageCached,Repeat-n1,N/A,"0",FALSE,1
DemoProjectSecurityHelper,SEN2.60,CodeLines,DemoProjectSecurityHelper.Service:encryptMessageCached,noMap,N/A,"1",FALSE,1
DemoProjectSecurityHelper,SEN2.61,CodeLines,DemoProjectSecurityHelper.Service:encryptMessageCached,noMapCopies,N/A,"7",FALSE,1
DemoProjectSecurityHelper,SEN2.62,CodeLines,DemoProjectSecurityHelper.Service:encryptMessageCached,noBranch,N/A,"0",FALSE,1
DemoProjectSecurityHelper,SEN2.63,CodeLines,DemoProjectSecurityHelper.Service:encryptMessageCached,noLoop,N/A,"0",FALSE,1
DemoProjectSecurityHelper,SEN2.64,CodeLines,DemoProjectSecurityHelper.Service:encryptMessageCached,noRetry,N/A,"0",FALSE,1
DemoProjectSecurityHelper,SEN2.65,CodeLines,DemoProjectSecurityHelper.Service:encryptMessageCached,noSeq,N/A,"0",FALSE,1
DemoProjectSecurityHelper,SEN2.66,CodeLines,DemoProjectSecurityHelper.Service:encryptMessageCached,noExit,N/A,"0",FALSE,1
DemoProjectSecurityHelper,SEN2.67,CodeLines,DemoProjectSecurityHelper.Service:encryptMessageCached,noInvoke,N/A,"1",FALSE,1
DemoProjectSecurityHelper,SEN2.68,CodeLines,DemoProjectSecurityHelper.Service:encryptMessageCached,noDisabled,N/A,"0",FALSE,1
DemoProjectSecurityHelper,SEN2.69,CodeLines,DemoProjectSecurityHelper.Service:encryptMessageCached,Loop-n3,N/A,"0",FALSE,1
DemoProjectSecurityHelper,SEN2.70,CodeLines,DemoProjectSecurityHelper.Service:encryptMessageCached,Loop-n2,N/A,"0",FALSE,1
DemoProjectSecurityHelper,SEN2.71,CodeLines,DemoProjectSecurityHelper.Service:encryptMessageCached,Loop-n1,N/A,"0",FALSE,1
DemoProjectSecurityHelper,SEN2.72,CodeLines,DemoProjectSecurityHelper.Service:encryptMessageCached,Branch-n3,N/A,"0",FALSE,1
DemoProjectSecurityHelper,SEN2.73,CodeLines,DemoProjectSecurityHelper.Service:encryptMessageCached,Branch-n2,N/A,"0",FALSE,1
DemoProjectSecurityHelper,SEN2.74,CodeLines,DemoProjectSecurityHelper.Service:encryptMessageCached,Branch-n1,N/A,"0",FALSE,1
DemoProjectSecurityHelper,SEN2.75,CodeLines,DemoProjectSecurityHelper.Service:encryptMessageCached,Repeat-n3,N/A,"0",FALSE,1
DemoProjectSecurityHelper,SEN2.76,CodeLines,DemoProjectSecurityHelper.Service:encryptMessageCached,Repeat-n2,N/A,"0",FALSE,1
DemoProjectSecurityHelper,SEN2.77,CodeLines,DemoProjectSecurityHelper.Service:encryptMessageCached,Repeat-n1,N/A,"0",FALSE,1
DemoProjectSecurityHelper,SEN2.78,CodeLines,DemoProjectSecurityHelper.Test:testEncryption,noMap,N/A,"2",FALSE,1
DemoProjectSecurityHelper,SEN2.79,CodeLines,DemoProjectSecurityHelper.Test:testEncryption,noMapCopies,N/A,"17",FALSE,1
DemoProjectSecurityHelper,SEN2.80,CodeLines,DemoProjectSecurityHelper.Test:testEncryption,noBranch,N/A,"0",FALSE,1
DemoProjectSecurityHelper,SEN2.81,CodeLines,DemoProjectSecurityHelper.Test:testEncryption,noLoop,N/A,"0",FALSE,1
DemoProjectSecurityHelper,SEN2.82,CodeLines,DemoProjectSecurityHelper.Test:testEncryption,noRetry,N/A,"0",FALSE,1
DemoProjectSecurityHelper,SEN2.83,CodeLines,DemoProjectSecurityHelper.Test:testEncryption,noSeq,N/A,"0",FALSE,1
DemoProjectSecurityHelper,SEN2.84,CodeLines,DemoProjectSecurityHelper.Test:testEncryption,noExit,N/A,"0",FALSE,1
DemoProjectSecurityHelper,SEN2.85,CodeLines,DemoProjectSecurityHelper.Test:testEncryption,noInvoke,N/A,"3",FALSE,1
DemoProjectSecurityHelper,SEN2.86,CodeLines,DemoProjectSecurityHelper.Test:testEncryption,noDisabled,N/A,"0",FALSE,1
DemoProjectSecurityHelper,SEN2.87,CodeLines,DemoProjectSecurityHelper.Test:testEncryption,Loop-n3,N/A,"0",FALSE,1
DemoProjectSecurityHelper,SEN2.88,CodeLines,DemoProjectSecurityHelper.Test:testEncryption,Loop-n2,N/A,"0",FALSE,1
DemoProjectSecurityHelper,SEN2.89,CodeLines,DemoProjectSecurityHelper.Test:testEncryption,Loop-n1,N/A,"0",FALSE,1
DemoProjectSecurityHelper,SEN2.90,CodeLines,DemoProjectSecurityHelper.Test:testEncryption,Branch-n3,N/A,"0",FALSE,1
DemoProjectSecurityHelper,SEN2.91,CodeLines,DemoProjectSecurityHelper.Test:testEncryption,Branch-n2,N/A,"0",FALSE,1
DemoProjectSecurityHelper,SEN2.92,CodeLines,DemoProjectSecurityHelper.Test:testEncryption,Branch-n1,N/A,"0",FALSE,1
DemoProjectSecurityHelper,SEN2.93,CodeLines,DemoProjectSecurityHelper.Test:testEncryption,Repeat-n3,N/A,"0",FALSE,1
DemoProjectSecurityHelper,SEN2.94,CodeLines,DemoProjectSecurityHelper.Test:testEncryption,Repeat-n2,N/A,"0",FALSE,1
DemoProjectSecurityHelper,SEN2.95,CodeLines,DemoProjectSecurityHelper.Test:testEncryption,Repeat-n1,N/A,"0",FALSE,1
DemoProjectSecurityHelper,SEN2.96,CodeLines,DemoProjectSecurityHelper.SecurityProvider:base64Encode,complexityFactor-java,N/A,"1",FALSE,1
DemoProjectSecurityHelper,SEN2.97,CodeLines,DemoProjectSecurityHelper.SecurityProvider:encryptMessage,complexityFactor-java,N/A,"2",FALSE,1
DemoProjectSecurityHelper,SEN2.98,CodeLines,DemoProjectSecurityHelper.Service:decryptMessageCached,complexityFactor-flow,N/A,"1",FALSE,1
DemoProjectSecurityHelper,SEN2.99,CodeLines,DemoProjectSecurityHelper.SecurityProvider:loadKey,complexityFactor-java,N/A,"2",FALSE,1
DemoProjectSecurityHelper,SEN2.100,CodeLines,DemoProjectSecurityHelper.Pub:encryptMessage,complexityFactor-flow,N/A,"1",FALSE,1
DemoProjectSecurityHelper,SEN2.101,CodeLines,DemoProjectSecurityHelper.Pub:decryptMessage,complexityFactor-flow,N/A,"1",FALSE,1
DemoProjectSecurityHelper,SEN2.102,CodeLines,DemoProjectSecurityHelper.SecurityProvider:base64Decode,complexityFactor-java,N/A,"1",FALSE,1
DemoProjectSecurityHelper,SEN2.103,CodeLines,DemoProjectSecurityHelper.Service:encryptMessageCached,complexityFactor-flow,N/A,"1",FALSE,1
DemoProjectSecurityHelper,SEN2.104,CodeLines,DemoProjectSecurityHelper.SecurityProvider:decryptMessage,complexityFactor-java,N/A,"3",FALSE,1
DemoProjectSecurityHelper,SEN2.105,CodeLines,DemoProjectSecurityHelper.Test:testEncryption,complexityFactor-flow,N/A,"3",FALSE,1
DemoProjectSecurityHelper,SEN2.106,CodeLines,DemoProjectSecurityHelper.SecurityProvider:base64Encode,totalLines,N/A,"10",FALSE,1
DemoProjectSecurityHelper,SEN2.107,CodeLines,DemoProjectSecurityHelper.SecurityProvider:encryptMessage,totalLines,N/A,"29",FALSE,1
DemoProjectSecurityHelper,SEN2.108,CodeLines,DemoProjectSecurityHelper.Service:decryptMessageCached,totalLines,N/A,"9",FALSE,1
DemoProjectSecurityHelper,SEN2.109,CodeLines,DemoProjectSecurityHelper.SecurityProvider:loadKey,totalLines,N/A,"26",FALSE,1
DemoProjectSecurityHelper,SEN2.110,CodeLines,DemoProjectSecurityHelper.Pub:encryptMessage,totalLines,N/A,"6",FALSE,1
DemoProjectSecurityHelper,SEN2.111,CodeLines,DemoProjectSecurityHelper.Pub:decryptMessage,totalLines,N/A,"6",FALSE,1
DemoProjectSecurityHelper,SEN2.112,CodeLines,DemoProjectSecurityHelper.SecurityProvider:base64Decode,totalLines,N/A,"10",FALSE,1
DemoProjectSecurityHelper,SEN2.113,CodeLines,DemoProjectSecurityHelper.Service:encryptMessageCached,totalLines,N/A,"9",FALSE,1
DemoProjectSecurityHelper,SEN2.114,CodeLines,DemoProjectSecurityHelper.SecurityProvider:decryptMessage,totalLines,N/A,"35",FALSE,1
DemoProjectSecurityHelper,SEN2.115,CodeLines,DemoProjectSecurityHelper.Test:testEncryption,totalLines,N/A,"22",FALSE,1
DemoProjectSecurityHelper,SEN2.1.1,FlowCodeTotals/CodeLines,Services,CodeLines,N/A,"162",FALSE,1
DemoProjectSecurityHelper,SEN2.1.2,FlowCodeTotals/CodeLines,Java,CodeLines,N/A,"110",FALSE,1
DemoProjectSecurityHelper,SEN2.1.3,FlowCodeTotals/CodeLines,Flow,CodeLines,N/A,"52",FALSE,1
DemoProjectSecurityHelper,SEN2.1.4,FlowCodeTotals/CodeLines,Branch,Flow-breakdown,N/A,"0",FALSE,1
DemoProjectSecurityHelper,SEN2.1.5,FlowCodeTotals/CodeLines,Loop,Flow-breakdown,N/A,"0",FALSE,1
DemoProjectSecurityHelper,SEN2.1.6,FlowCodeTotals/CodeLines,Repeat,Flow-breakdown,N/A,"0",FALSE,1
DemoProjectSecurityHelper,SEN2.1.7,FlowCodeTotals/CodeLines,Sequence,Flow-breakdown,N/A,"0",FALSE,1
DemoProjectSecurityHelper,SEN2.1.8,FlowCodeTotals/CodeLines,Exit,Flow-breakdown,N/A,"0",FALSE,1
DemoProjectSecurityHelper,SEN2.1.9,FlowCodeTotals/CodeLines,Invoke,Flow-breakdown,N/A,"5",FALSE,1
DemoProjectSecurityHelper,SEN2.1.10,FlowCodeTotals/CodeLines,Map,Flow-breakdown,N/A,"6",FALSE,1
DemoProjectSecurityHelper,SEN2.1.11,FlowCodeTotals/CodeLines,Map-copy,Flow-breakdown,N/A,"41",FALSE,1
